Date,Visitor,VisitorPTS,Home,HomePTS
Tue, Oct 21, 2025,Houston Rockets,124,Oklahoma City Thunder,125
Tue, Oct 21, 2025,Golden State Warriors,119,Los Angeles Lakers,109
Wed, Oct 22, 2025,Brooklyn Nets,117,Charlotte Hornets,136
Wed, Oct 22, 2025,Cleveland Cavaliers,111,New York Knicks,119
Wed, Oct 22, 2025,Miami Heat,121,Orlando Magic,125
Wed, Oct 22, 2025,Philadelphia 76ers,117,Boston Celtics,116
Wed, Oct 22, 2025,Toronto Raptors,138,Atlanta Hawks,118
Wed, Oct 22, 2025,Detroit Pistons,111,Chicago Bulls,115
Wed, Oct 22, 2025,New Orleans Pelicans,122,Memphis Grizzlies,128
Wed, Oct 22, 2025,Washington Wizards,120,Milwaukee Bucks,133
Wed, Oct 22, 2025,Los Angeles Clippers,108,Utah Jazz,129
Wed, Oct 22, 2025,San Antonio Spurs,125,Dallas Mavericks,92
Wed, Oct 22, 2025,Minnesota Timberwolves,118,Portland Trail Blazers,114
Wed, Oct 22, 2025,Sacramento Kings,116,Phoenix Suns,120
Thu, Oct 23, 2025,Oklahoma City Thunder,141,Indiana Pacers,135
Thu, Oct 23, 2025,Denver Nuggets,131,Golden State Warriors,137
Fri, Oct 24, 2025,Milwaukee Bucks,122,Toronto Raptors,116
Fri, Oct 24, 2025,Atlanta Hawks,111,Orlando Magic,107
Fri, Oct 24, 2025,Cleveland Cavaliers,131,Brooklyn Nets,124
Fri, Oct 24, 2025,Boston Celtics,95,New York Knicks,105
Fri, Oct 24, 2025,Detroit Pistons,115,Houston Rockets,111
Fri, Oct 24, 2025,San Antonio Spurs,120,New Orleans Pelicans,116
Fri, Oct 24, 2025,Miami Heat,146,Memphis Grizzlies,114
Fri, Oct 24, 2025,Washington Wizards,117,Dallas Mavericks,107
Fri, Oct 24, 2025,Minnesota Timberwolves,110,Los Angeles Lakers,128
Fri, Oct 24, 2025,Golden State Warriors,119,Portland Trail Blazers,139
Fri, Oct 24, 2025,Utah Jazz,104,Sacramento Kings,105
Fri, Oct 24, 2025,Phoenix Suns,102,Los Angeles Clippers,129
Sat, Oct 25, 2025,Chicago Bulls,110,Orlando Magic,98
Sat, Oct 25, 2025,Oklahoma City Thunder,117,Atlanta Hawks,100
Sat, Oct 25, 2025,Charlotte Hornets,121,Philadelphia 76ers,125
Sat, Oct 25, 2025,Indiana Pacers,103,Memphis Grizzlies,128
Sat, Oct 25, 2025,Phoenix Suns,111,Denver Nuggets,133
Sun, Oct 26, 2025,Brooklyn Nets,107,San Antonio Spurs,118
Sun, Oct 26, 2025,Boston Celtics,113,Detroit Pistons,119
Sun, Oct 26, 2025,Charlotte Hornets,139,Washington Wizards,113
Sun, Oct 26, 2025,New York Knicks,107,Miami Heat,115
Sun, Oct 26, 2025,Milwaukee Bucks,113,Cleveland Cavaliers,118
Sun, Oct 26, 2025,Indiana Pacers,110,Minnesota Timberwolves,114
Sun, Oct 26, 2025,Toronto Raptors,129,Dallas Mavericks,139
Sun, Oct 26, 2025,Los Angeles Lakers,127,Sacramento Kings,120
Sun, Oct 26, 2025,Portland Trail Blazers,107,Los Angeles Clippers,114
Mon, Oct 27, 2025,Cleveland Cavaliers,116,Detroit Pistons,95
Mon, Oct 27, 2025,Orlando Magic,124,Philadelphia 76ers,136
Mon, Oct 27, 2025,Atlanta Hawks,123,Chicago Bulls,128
Mon, Oct 27, 2025,Brooklyn Nets,109,Houston Rockets,137
Mon, Oct 27, 2025,Boston Celtics,122,New Orleans Pelicans,90
Mon, Oct 27, 2025,Toronto Raptors,103,San Antonio Spurs,121
Mon, Oct 27, 2025,Oklahoma City Thunder,101,Dallas Mavericks,94
Mon, Oct 27, 2025,Phoenix Suns,134,Utah Jazz,138
Mon, Oct 27, 2025,Denver Nuggets,127,Minnesota Timberwolves,114
Mon, Oct 27, 2025,Memphis Grizzlies,118,Golden State Warriors,131
Mon, Oct 27, 2025,Portland Trail Blazers,122,Los Angeles Lakers,108
Tue, Oct 28, 2025,Philadelphia 76ers,139,Washington Wizards,134
Tue, Oct 28, 2025,Charlotte Hornets,117,Miami Heat,144
Tue, Oct 28, 2025,New York Knicks,111,Milwaukee Bucks,121
Tue, Oct 28, 2025,Sacramento Kings,101,Oklahoma City Thunder,107
Tue, Oct 28, 2025,Los Angeles Clippers,79,Golden State Warriors,98
Wed, Oct 29, 2025,Houston Rockets,139,Toronto Raptors,121
Wed, Oct 29, 2025,Cleveland Cavaliers,105,Boston Celtics,125
Wed, Oct 29, 2025,Orlando Magic,116,Detroit Pistons,135
Wed, Oct 29, 2025,Atlanta Hawks,117,Brooklyn Nets,112
Wed, Oct 29, 2025,Sacramento Kings,113,Chicago Bulls,126
Wed, Oct 29, 2025,Indiana Pacers,105,Dallas Mavericks,107
Wed, Oct 29, 2025,Portland Trail Blazers,136,Utah Jazz,134
Wed, Oct 29, 2025,New Orleans Pelicans,88,Denver Nuggets,122
Wed, Oct 29, 2025,Los Angeles Lakers,116,Minnesota Timberwolves,115
Wed, Oct 29, 2025,Memphis Grizzlies,114,Phoenix Suns,113
Thu, Oct 30, 2025,Orlando Magic,123,Charlotte Hornets,107
Thu, Oct 30, 2025,Golden State Warriors,110,Milwaukee Bucks,120
Thu, Oct 30, 2025,Washington Wizards,108,Oklahoma City Thunder,127
Thu, Oct 30, 2025,Miami Heat,101,San Antonio Spurs,107
Fri, Oct 31, 2025,Atlanta Hawks,128,Indiana Pacers,108
Fri, Oct 31, 2025,Boston Celtics,109,Philadelphia 76ers,108
Fri, Oct 31, 2025,Toronto Raptors,112,Cleveland Cavaliers,101
Fri, Oct 31, 2025,New York Knicks,125,Chicago Bulls,135
Fri, Oct 31, 2025,Los Angeles Lakers,117,Memphis Grizzlies,112
Fri, Oct 31, 2025,Utah Jazz,96,Phoenix Suns,118
Fri, Oct 31, 2025,Denver Nuggets,107,Portland Trail Blazers,109
Fri, Oct 31, 2025,New Orleans Pelicans,124,Los Angeles Clippers,126
Sat, Nov 1, 2025,Sacramento Kings,135,Milwaukee Bucks,133
Sat, Nov 1, 2025,Minnesota Timberwolves,122,Charlotte Hornets,105
Sat, Nov 1, 2025,Golden State Warriors,109,Indiana Pacers,114
Sat, Nov 1, 2025,Orlando Magic,125,Washington Wizards,94
Sat, Nov 1, 2025,Houston Rockets,128,Boston Celtics,101
Sat, Nov 1, 2025,Dallas Mavericks,110,Detroit Pistons,122
Sun, Nov 2, 2025,New Orleans Pelicans,106,Oklahoma City Thunder,137
Sun, Nov 2, 2025,Philadelphia 76ers,129,Brooklyn Nets,105
Sun, Nov 2, 2025,Utah Jazz,103,Charlotte Hornets,126
Sun, Nov 2, 2025,Atlanta Hawks,109,Cleveland Cavaliers,117
Sun, Nov 2, 2025,Memphis Grizzlies,104,Toronto Raptors,117
Sun, Nov 2, 2025,Chicago Bulls,116,New York Knicks,128
Sun, Nov 2, 2025,San Antonio Spurs,118,Phoenix Suns,130
Sun, Nov 2, 2025,Miami Heat,120,Los Angeles Lakers,130
Mon, Nov 3, 2025,Minnesota Timberwolves,125,Brooklyn Nets,109
Mon, Nov 3, 2025,Milwaukee Bucks,117,Indiana Pacers,115
Mon, Nov 3, 2025,Utah Jazz,105,Boston Celtics,103
Mon, Nov 3, 2025,Washington Wizards,102,New York Knicks,119
Mon, Nov 3, 2025,Dallas Mavericks,102,Houston Rockets,110
Mon, Nov 3, 2025,Detroit Pistons,114,Memphis Grizzlies,106
Mon, Nov 3, 2025,Sacramento Kings,124,Denver Nuggets,130
Mon, Nov 3, 2025,Los Angeles Lakers,123,Portland Trail Blazers,115
Mon, Nov 3, 2025,Miami Heat,120,Los Angeles Clippers,119
Tue, Nov 4, 2025,Milwaukee Bucks,100,Toronto Raptors,128
Tue, Nov 4, 2025,Orlando Magic,112,Atlanta Hawks,127
Tue, Nov 4, 2025,Philadelphia 76ers,111,Chicago Bulls,113
Tue, Nov 4, 2025,Charlotte Hornets,112,New Orleans Pelicans,116
Tue, Nov 4, 2025,Phoenix Suns,107,Golden State Warriors,118
Tue, Nov 4, 2025,Oklahoma City Thunder,126,Los Angeles Clippers,107
Wed, Nov 5, 2025,Philadelphia 76ers,121,Cleveland Cavaliers,132
Wed, Nov 5, 2025,Utah Jazz,103,Detroit Pistons,114
Wed, Nov 5, 2025,Brooklyn Nets,112,Indiana Pacers,103
Wed, Nov 5, 2025,Washington Wizards,107,Boston Celtics,136
Wed, Nov 5, 2025,Minnesota Timberwolves,114,New York Knicks,137
Wed, Nov 5, 2025,Houston Rockets,124,Memphis Grizzlies,109
Wed, Nov 5, 2025,New Orleans Pelicans,101,Dallas Mavericks,99
Wed, Nov 5, 2025,Miami Heat,112,Denver Nuggets,122
Wed, Nov 5, 2025,San Antonio Spurs,116,Los Angeles Lakers,118
Wed, Nov 5, 2025,Oklahoma City Thunder,119,Portland Trail Blazers,121
Wed, Nov 5, 2025,Golden State Warriors,116,Sacramento Kings,121
Thu, Nov 6, 2025,Los Angeles Clippers,102,Phoenix Suns,115
Fri, Nov 7, 2025,Boston Celtics,110,Orlando Magic,123
Fri, Nov 7, 2025,Cleveland Cavaliers,148,Washington Wizards,115
Fri, Nov 7, 2025,Toronto Raptors,109,Atlanta Hawks,97
Fri, Nov 7, 2025,Detroit Pistons,125,Brooklyn Nets,107
Fri, Nov 7, 2025,Houston Rockets,110,San Antonio Spurs,121
Fri, Nov 7, 2025,Dallas Mavericks,104,Memphis Grizzlies,118
Fri, Nov 7, 2025,Charlotte Hornets,108,Miami Heat,126
Fri, Nov 7, 2025,Chicago Bulls,110,Milwaukee Bucks,126
Fri, Nov 7, 2025,Utah Jazz,97,Minnesota Timberwolves,137
Fri, Nov 7, 2025,Golden State Warriors,104,Denver Nuggets,129
Fri, Nov 7, 2025,Oklahoma City Thunder,132,Sacramento Kings,101
Sat, Nov 8, 2025,Dallas Mavericks,111,Washington Wizards,105
Sat, Nov 8, 2025,Toronto Raptors,120,Philadelphia 76ers,130
Sat, Nov 8, 2025,Los Angeles Lakers,102,Atlanta Hawks,122
Sat, Nov 8, 2025,Chicago Bulls,122,Cleveland Cavaliers,128
Sat, Nov 8, 2025,Portland Trail Blazers,131,Miami Heat,136
Sat, Nov 8, 2025,New Orleans Pelicans,119,San Antonio Spurs,126
Sat, Nov 8, 2025,Indiana Pacers,100,Denver Nuggets,117
Sat, Nov 8, 2025,Phoenix Suns,114,Los Angeles Clippers,103
Sun, Nov 9, 2025,Houston Rockets,122,Milwaukee Bucks,115
Sun, Nov 9, 2025,Oklahoma City Thunder,114,Memphis Grizzlies,100
Sun, Nov 9, 2025,Brooklyn Nets,98,New York Knicks,134
Sun, Nov 9, 2025,Boston Celtics,111,Orlando Magic,107
Sun, Nov 9, 2025,Detroit Pistons,111,Philadelphia 76ers,108
Sun, Nov 9, 2025,Indiana Pacers,83,Golden State Warriors,114
Sun, Nov 9, 2025,Minnesota Timberwolves,144,Sacramento Kings,117
Mon, Nov 10, 2025,Los Angeles Lakers,121,Charlotte Hornets,111
Mon, Nov 10, 2025,Washington Wizards,135,Detroit Pistons,137
Mon, Nov 10, 2025,Portland Trail Blazers,112,Orlando Magic,115
Mon, Nov 10, 2025,Cleveland Cavaliers,138,Miami Heat,140
Mon, Nov 10, 2025,San Antonio Spurs,121,Chicago Bulls,117
Mon, Nov 10, 2025,Milwaukee Bucks,116,Dallas Mavericks,114
Mon, Nov 10, 2025,New Orleans Pelicans,98,Phoenix Suns,121
Mon, Nov 10, 2025,Minnesota Timberwolves,120,Utah Jazz,113
Mon, Nov 10, 2025,Atlanta Hawks,105,Los Angeles Clippers,102
Tue, Nov 11, 2025,Toronto Raptors,119,Brooklyn Nets,109
Tue, Nov 11, 2025,Memphis Grizzlies,120,New York Knicks,133
Tue, Nov 11, 2025,Golden State Warriors,102,Oklahoma City Thunder,126
Tue, Nov 11, 2025,Boston Celtics,100,Philadelphia 76ers,102
Tue, Nov 11, 2025,Indiana Pacers,128,Utah Jazz,152
Tue, Nov 11, 2025,Denver Nuggets,122,Sacramento Kings,108
Wed, Nov 12, 2025,Milwaukee Bucks,100,Charlotte Hornets,111
Wed, Nov 12, 2025,Chicago Bulls,113,Detroit Pistons,124
Wed, Nov 12, 2025,Orlando Magic,124,New York Knicks,107
Wed, Nov 12, 2025,Memphis Grizzlies,95,Boston Celtics,131
Wed, Nov 12, 2025,Cleveland Cavaliers,130,Miami Heat,116
Wed, Nov 12, 2025,Washington Wizards,112,Houston Rockets,135
Wed, Nov 12, 2025,Portland Trail Blazers,125,New Orleans Pelicans,117
Wed, Nov 12, 2025,Golden State Warriors,125,San Antonio Spurs,120
Wed, Nov 12, 2025,Phoenix Suns,123,Dallas Mavericks,114
Wed, Nov 12, 2025,Los Angeles Lakers,92,Oklahoma City Thunder,121
Wed, Nov 12, 2025,Atlanta Hawks,133,Sacramento Kings,100
Wed, Nov 12, 2025,Denver Nuggets,130,Los Angeles Clippers,116
Thu, Nov 13, 2025,Toronto Raptors,126,Cleveland Cavaliers,113
Thu, Nov 13, 2025,Indiana Pacers,98,Phoenix Suns,133
Thu, Nov 13, 2025,Atlanta Hawks,132,Utah Jazz,122
Fri, Nov 14, 2025,Miami Heat,132,New York Knicks,140
Fri, Nov 14, 2025,Brooklyn Nets,98,Orlando Magic,105
Fri, Nov 14, 2025,Philadelphia 76ers,105,Detroit Pistons,114
Fri, Nov 14, 2025,Portland Trail Blazers,116,Houston Rockets,140
Fri, Nov 14, 2025,Charlotte Hornets,134,Milwaukee Bucks,147
Fri, Nov 14, 2025,Sacramento Kings,110,Minnesota Timberwolves,124
Fri, Nov 14, 2025,Los Angeles Lakers,118,New Orleans Pelicans,104
Fri, Nov 14, 2025,Los Angeles Clippers,133,Dallas Mavericks,127
Fri, Nov 14, 2025,Golden State Warriors,109,San Antonio Spurs,108
Sat, Nov 15, 2025,Memphis Grizzlies,100,Cleveland Cavaliers,108
Sat, Nov 15, 2025,Oklahoma City Thunder,109,Charlotte Hornets,96
Sat, Nov 15, 2025,Toronto Raptors,129,Indiana Pacers,111
Sat, Nov 15, 2025,Los Angeles Lakers,119,Milwaukee Bucks,95
Sat, Nov 15, 2025,Denver Nuggets,123,Minnesota Timberwolves,112
Sun, Nov 16, 2025,Los Angeles Clippers,118,Boston Celtics,121
Sun, Nov 16, 2025,Sacramento Kings,110,San Antonio Spurs,123
Sun, Nov 16, 2025,Brooklyn Nets,129,Washington Wizards,106
Sun, Nov 16, 2025,Orlando Magic,113,Houston Rockets,117
Sun, Nov 16, 2025,Golden State Warriors,124,New Orleans Pelicans,106
Sun, Nov 16, 2025,Portland Trail Blazers,133,Dallas Mavericks,138
Sun, Nov 16, 2025,Atlanta Hawks,124,Phoenix Suns,122
Sun, Nov 16, 2025,Chicago Bulls,147,Utah Jazz,150
Mon, Nov 17, 2025,Milwaukee Bucks,106,Cleveland Cavaliers,118
Mon, Nov 17, 2025,Indiana Pacers,112,Detroit Pistons,127
Mon, Nov 17, 2025,Los Angeles Clippers,108,Philadelphia 76ers,110
Mon, Nov 17, 2025,New York Knicks,113,Miami Heat,115
Mon, Nov 17, 2025,Charlotte Hornets,108,Toronto Raptors,110
Mon, Nov 17, 2025,Dallas Mavericks,96,Minnesota Timberwolves,120
Mon, Nov 17, 2025,Oklahoma City Thunder,126,New Orleans Pelicans,109
Mon, Nov 17, 2025,Chicago Bulls,130,Denver Nuggets,127
Tue, Nov 18, 2025,Golden State Warriors,113,Orlando Magic,121
Tue, Nov 18, 2025,Detroit Pistons,120,Atlanta Hawks,112
Tue, Nov 18, 2025,Boston Celtics,113,Brooklyn Nets,99
Tue, Nov 18, 2025,Memphis Grizzlies,101,San Antonio Spurs,111
Tue, Nov 18, 2025,Utah Jazz,126,Los Angeles Lakers,140
Tue, Nov 18, 2025,Phoenix Suns,127,Portland Trail Blazers,110
Wed, Nov 19, 2025,Houston Rockets,114,Cleveland Cavaliers,104
Wed, Nov 19, 2025,Charlotte Hornets,118,Indiana Pacers,127
Wed, Nov 19, 2025,Toronto Raptors,121,Philadelphia 76ers,112
Wed, Nov 19, 2025,Golden State Warriors,96,Miami Heat,110
Wed, Nov 19, 2025,Washington Wizards,109,Minnesota Timberwolves,120
Wed, Nov 19, 2025,Denver Nuggets,125,New Orleans Pelicans,118
Wed, Nov 19, 2025,Sacramento Kings,99,Oklahoma City Thunder,113
Wed, Nov 19, 2025,New York Knicks,113,Dallas Mavericks,111
Wed, Nov 19, 2025,Chicago Bulls,122,Portland Trail Blazers,121
Thu, Nov 20, 2025,Los Angeles Clippers,101,Orlando Magic,129
Thu, Nov 20, 2025,Sacramento Kings,96,Memphis Grizzlies,137
Thu, Nov 20, 2025,Philadelphia 76ers,123,Milwaukee Bucks,114
Thu, Nov 20, 2025,Atlanta Hawks,126,San Antonio Spurs,135
Fri, Nov 21, 2025,Indiana Pacers,109,Cleveland Cavaliers,120
Fri, Nov 21, 2025,Brooklyn Nets,113,Boston Celtics,105
Fri, Nov 21, 2025,Washington Wizards,110,Toronto Raptors,140
Fri, Nov 21, 2025,Miami Heat,143,Chicago Bulls,107
Fri, Nov 21, 2025,New Orleans Pelicans,115,Dallas Mavericks,118
Fri, Nov 21, 2025,Minnesota Timberwolves,113,Phoenix Suns,114
Fri, Nov 21, 2025,Denver Nuggets,112,Houston Rockets,109
Fri, Nov 21, 2025,Portland Trail Blazers,127,Golden State Warriors,123
Fri, Nov 21, 2025,Oklahoma City Thunder,144,Utah Jazz,112
Sat, Nov 22, 2025,Los Angeles Clippers,131,Charlotte Hornets,116
Sat, Nov 22, 2025,New York Knicks,121,Orlando Magic,133
Sat, Nov 22, 2025,Atlanta Hawks,115,New Orleans Pelicans,98
Sat, Nov 22, 2025,Washington Wizards,120,Chicago Bulls,121
Sat, Nov 22, 2025,Detroit Pistons,129,Milwaukee Bucks,116
Sat, Nov 22, 2025,Memphis Grizzlies,102,Dallas Mavericks,96
Sat, Nov 22, 2025,Sacramento Kings,128,Denver Nuggets,123
Sun, Nov 23, 2025,Miami Heat,127,Philadelphia 76ers,117
Sun, Nov 23, 2025,Charlotte Hornets,110,Atlanta Hawks,113
Sun, Nov 23, 2025,Orlando Magic,129,Boston Celtics,138
Sun, Nov 23, 2025,Los Angeles Clippers,105,Cleveland Cavaliers,120
Sun, Nov 23, 2025,Brooklyn Nets,109,Toronto Raptors,119
Sun, Nov 23, 2025,Portland Trail Blazers,95,Oklahoma City Thunder,122
Sun, Nov 23, 2025,San Antonio Spurs,102,Phoenix Suns,111
Sun, Nov 23, 2025,Los Angeles Lakers,108,Utah Jazz,106
Mon, Nov 24, 2025,Detroit Pistons,122,Indiana Pacers,117
Mon, Nov 24, 2025,Cleveland Cavaliers,99,Toronto Raptors,110
Mon, Nov 24, 2025,New York Knicks,113,Brooklyn Nets,100
Mon, Nov 24, 2025,Dallas Mavericks,102,Miami Heat,106
Mon, Nov 24, 2025,Denver Nuggets,125,Memphis Grizzlies,115
Mon, Nov 24, 2025,Portland Trail Blazers,115,Milwaukee Bucks,103
Mon, Nov 24, 2025,Chicago Bulls,130,New Orleans Pelicans,143
Mon, Nov 24, 2025,Houston Rockets,114,Phoenix Suns,92
Mon, Nov 24, 2025,Utah Jazz,117,Golden State Warriors,134
Mon, Nov 24, 2025,Minnesota Timberwolves,112,Sacramento Kings,117
Tue, Nov 25, 2025,Atlanta Hawks,113,Washington Wizards,132
Tue, Nov 25, 2025,Orlando Magic,144,Philadelphia 76ers,103
Tue, Nov 25, 2025,Los Angeles Clippers,118,Los Angeles Lakers,135
Wed, Nov 26, 2025,Detroit Pistons,114,Boston Celtics,117
Wed, Nov 26, 2025,New York Knicks,129,Charlotte Hornets,101
Wed, Nov 26, 2025,Milwaukee Bucks,103,Miami Heat,106
Wed, Nov 26, 2025,Minnesota Timberwolves,105,Oklahoma City Thunder,113
Wed, Nov 26, 2025,Indiana Pacers,95,Toronto Raptors,97
Wed, Nov 26, 2025,Memphis Grizzlies,133,New Orleans Pelicans,128
Wed, Nov 26, 2025,Houston Rockets,104,Golden State Warriors,100
Wed, Nov 26, 2025,San Antonio Spurs,115,Portland Trail Blazers,102
Wed, Nov 26, 2025,Phoenix Suns,112,Sacramento Kings,100
Fri, Nov 28, 2025,Cleveland Cavaliers,123,Atlanta Hawks,130
Fri, Nov 28, 2025,Philadelphia 76ers,115,Brooklyn Nets,103
Fri, Nov 28, 2025,Chicago Bulls,116,Charlotte Hornets,123
Fri, Nov 28, 2025,Orlando Magic,112,Detroit Pistons,109
Fri, Nov 28, 2025,Washington Wizards,86,Indiana Pacers,119
Fri, Nov 28, 2025,Milwaukee Bucks,109,New York Knicks,118
Fri, Nov 28, 2025,San Antonio Spurs,139,Denver Nuggets,136
Fri, Nov 28, 2025,Phoenix Suns,119,Oklahoma City Thunder,123
Fri, Nov 28, 2025,Sacramento Kings,119,Utah Jazz,128
Fri, Nov 28, 2025,Memphis Grizzlies,112,Los Angeles Clippers,107
Fri, Nov 28, 2025,Dallas Mavericks,119,Los Angeles Lakers,129
Sat, Nov 29, 2025,Boston Celtics,115,Minnesota Timberwolves,119
Sat, Nov 29, 2025,Toronto Raptors,111,Charlotte Hornets,118
Sat, Nov 29, 2025,Chicago Bulls,101,Indiana Pacers,103
Sat, Nov 29, 2025,Detroit Pistons,138,Miami Heat,135
Sat, Nov 29, 2025,Brooklyn Nets,99,Milwaukee Bucks,116
Sat, Nov 29, 2025,New Orleans Pelicans,96,Golden State Warriors,104
Sat, Nov 29, 2025,Denver Nuggets,130,Phoenix Suns,112
Sat, Nov 29, 2025,Dallas Mavericks,114,Los Angeles Clippers,110
Sun, Nov 30, 2025,Houston Rockets,129,Utah Jazz,101
Sun, Nov 30, 2025,Boston Celtics,117,Cleveland Cavaliers,115
Sun, Nov 30, 2025,Toronto Raptors,94,New York Knicks,116
Sun, Nov 30, 2025,Atlanta Hawks,142,Philadelphia 76ers,134
Sun, Nov 30, 2025,Oklahoma City Thunder,123,Portland Trail Blazers,115
Sun, Nov 30, 2025,San Antonio Spurs,112,Minnesota Timberwolves,125
Sun, Nov 30, 2025,Memphis Grizzlies,115,Sacramento Kings,107
Sun, Nov 30, 2025,New Orleans Pelicans,121,Los Angeles Lakers,133
Mon, Dec 1, 2025,Atlanta Hawks,98,Detroit Pistons,99
Mon, Dec 1, 2025,Cleveland Cavaliers,135,Indiana Pacers,119
Mon, Dec 1, 2025,Milwaukee Bucks,126,Washington Wizards,129
Mon, Dec 1, 2025,Charlotte Hornets,103,Brooklyn Nets,116
Mon, Dec 1, 2025,Los Angeles Clippers,123,Miami Heat,140
Mon, Dec 1, 2025,Chicago Bulls,120,Orlando Magic,125
Mon, Dec 1, 2025,Dallas Mavericks,131,Denver Nuggets,121
Mon, Dec 1, 2025,Houston Rockets,125,Utah Jazz,133
Mon, Dec 1, 2025,Phoenix Suns,125,Los Angeles Lakers,108
Tue, Dec 2, 2025,Washington Wizards,102,Philadelphia 76ers,121
Tue, Dec 2, 2025,Portland Trail Blazers,118,Toronto Raptors,121
Tue, Dec 2, 2025,New York Knicks,117,Boston Celtics,123
Tue, Dec 2, 2025,Minnesota Timberwolves,149,New Orleans Pelicans,142
Tue, Dec 2, 2025,Memphis Grizzlies,119,San Antonio Spurs,126
Tue, Dec 2, 2025,Oklahoma City Thunder,124,Golden State Warriors,112
Wed, Dec 3, 2025,Portland Trail Blazers,122,Cleveland Cavaliers,110
Wed, Dec 3, 2025,Denver Nuggets,135,Indiana Pacers,120
Wed, Dec 3, 2025,San Antonio Spurs,114,Orlando Magic,112
Wed, Dec 3, 2025,Los Angeles Clippers,115,Atlanta Hawks,92
Wed, Dec 3, 2025,Charlotte Hornets,104,New York Knicks,119
Wed, Dec 3, 2025,Brooklyn Nets,113,Chicago Bulls,103
Wed, Dec 3, 2025,Sacramento Kings,95,Houston Rockets,121
Wed, Dec 3, 2025,Detroit Pistons,109,Milwaukee Bucks,113
Wed, Dec 3, 2025,Miami Heat,108,Dallas Mavericks,118
Thu, Dec 4, 2025,Golden State Warriors,98,Philadelphia 76ers,99
Thu, Dec 4, 2025,Boston Celtics,146,Washington Wizards,101
Thu, Dec 4, 2025,Utah Jazz,123,Brooklyn Nets,110
Thu, Dec 4, 2025,Los Angeles Lakers,123,Toronto Raptors,120
Thu, Dec 4, 2025,Minnesota Timberwolves,125,New Orleans Pelicans,116
Fri, Dec 5, 2025,Los Angeles Lakers,105,Boston Celtics,126
Fri, Dec 5, 2025,Miami Heat,105,Orlando Magic,106
Fri, Dec 5, 2025,Denver Nuggets,134,Atlanta Hawks,133
Fri, Dec 5, 2025,San Antonio Spurs,117,Cleveland Cavaliers,130
Fri, Dec 5, 2025,Portland Trail Blazers,116,Detroit Pistons,122
Fri, Dec 5, 2025,Utah Jazz,112,New York Knicks,146
Fri, Dec 5, 2025,Charlotte Hornets,111,Toronto Raptors,86
Fri, Dec 5, 2025,Indiana Pacers,120,Chicago Bulls,105
Fri, Dec 5, 2025,Phoenix Suns,98,Houston Rockets,117
Fri, Dec 5, 2025,Los Angeles Clippers,98,Memphis Grizzlies,107
Fri, Dec 5, 2025,Philadelphia 76ers,116,Milwaukee Bucks,101
Fri, Dec 5, 2025,Dallas Mavericks,111,Oklahoma City Thunder,132
Sat, Dec 6, 2025,New Orleans Pelicans,101,Brooklyn Nets,119
Sat, Dec 6, 2025,Atlanta Hawks,131,Washington Wizards,116
Sat, Dec 6, 2025,Golden State Warriors,99,Cleveland Cavaliers,94
Sat, Dec 6, 2025,Milwaukee Bucks,112,Detroit Pistons,124
Sat, Dec 6, 2025,Sacramento Kings,127,Miami Heat,111
Sat, Dec 6, 2025,Los Angeles Clippers,106,Minnesota Timberwolves,109
Sat, Dec 6, 2025,Houston Rockets,109,Dallas Mavericks,122
Sun, Dec 7, 2025,Orlando Magic,100,New York Knicks,106
Sun, Dec 7, 2025,Boston Celtics,121,Toronto Raptors,113
Sun, Dec 7, 2025,Denver Nuggets,115,Charlotte Hornets,106
Sun, Dec 7, 2025,Portland Trail Blazers,96,Memphis Grizzlies,119
Sun, Dec 7, 2025,Golden State Warriors,123,Chicago Bulls,91
Sun, Dec 7, 2025,Los Angeles Lakers,112,Philadelphia 76ers,108
Sun, Dec 7, 2025,Oklahoma City Thunder,131,Utah Jazz,101
Mon, Dec 8, 2025,Sacramento Kings,105,Indiana Pacers,116
Mon, Dec 8, 2025,Phoenix Suns,108,Minnesota Timberwolves,105
Mon, Dec 8, 2025,San Antonio Spurs,135,New Orleans Pelicans,132
Tue, Dec 9, 2025,Miami Heat,108,Orlando Magic,117
Tue, Dec 9, 2025,New York Knicks,117,Toronto Raptors,101
Wed, Dec 10, 2025,Phoenix Suns,89,Oklahoma City Thunder,138
Wed, Dec 10, 2025,San Antonio Spurs,132,Los Angeles Lakers,119
Thu, Dec 11, 2025,Los Angeles Clippers,113,Houston Rockets,115
Thu, Dec 11, 2025,Boston Celtics,101,Milwaukee Bucks,116
Thu, Dec 11, 2025,Portland Trail Blazers,120,New Orleans Pelicans,143
Thu, Dec 11, 2025,Denver Nuggets,136,Sacramento Kings,105
Fri, Dec 12, 2025,Chicago Bulls,129,Charlotte Hornets,126
Fri, Dec 12, 2025,Atlanta Hawks,115,Detroit Pistons,142
Fri, Dec 12, 2025,Indiana Pacers,105,Philadelphia 76ers,115
Fri, Dec 12, 2025,Cleveland Cavaliers,130,Washington Wizards,126
Fri, Dec 12, 2025,Utah Jazz,130,Memphis Grizzlies,126
Fri, Dec 12, 2025,Brooklyn Nets,111,Dallas Mavericks,119
Fri, Dec 12, 2025,Minnesota Timberwolves,127,Golden State Warriors,120
Sat, Dec 13, 2025,New York Knicks,132,Orlando Magic,120
Sat, Dec 13, 2025,San Antonio Spurs,111,Oklahoma City Thunder,109
Sun, Dec 14, 2025,Washington Wizards,108,Indiana Pacers,89
Sun, Dec 14, 2025,Charlotte Hornets,119,Cleveland Cavaliers,111
Sun, Dec 14, 2025,Philadelphia 76ers,117,Atlanta Hawks,120
Sun, Dec 14, 2025,Milwaukee Bucks,82,Brooklyn Nets,127
Sun, Dec 14, 2025,New Orleans Pelicans,114,Chicago Bulls,104
Sun, Dec 14, 2025,Sacramento Kings,103,Minnesota Timberwolves,117
Sun, Dec 14, 2025,Los Angeles Lakers,116,Phoenix Suns,114
Sun, Dec 14, 2025,Golden State Warriors,131,Portland Trail Blazers,136
Mon, Dec 15, 2025,Detroit Pistons,112,Boston Celtics,105
Mon, Dec 15, 2025,Toronto Raptors,106,Miami Heat,96
Mon, Dec 15, 2025,Dallas Mavericks,133,Utah Jazz,140
Mon, Dec 15, 2025,Houston Rockets,125,Denver Nuggets,128
Mon, Dec 15, 2025,Memphis Grizzlies,121,Los Angeles Clippers,103
Tue, Dec 16, 2025,San Antonio Spurs,113,New York Knicks,124
Wed, Dec 17, 2025,Cleveland Cavaliers,111,Chicago Bulls,127
Wed, Dec 17, 2025,Memphis Grizzlies,116,Minnesota Timberwolves,110
Thu, Dec 18, 2025,Atlanta Hawks,126,Charlotte Hornets,133
Thu, Dec 18, 2025,New York Knicks,114,Indiana Pacers,113
Thu, Dec 18, 2025,Miami Heat,106,Brooklyn Nets,95
Thu, Dec 18, 2025,Toronto Raptors,111,Milwaukee Bucks,105
Thu, Dec 18, 2025,Houston Rockets,128,New Orleans Pelicans,133
Thu, Dec 18, 2025,Los Angeles Clippers,101,Oklahoma City Thunder,122
Thu, Dec 18, 2025,Washington Wizards,94,San Antonio Spurs,119
Thu, Dec 18, 2025,Detroit Pistons,114,Dallas Mavericks,116
Thu, Dec 18, 2025,Orlando Magic,115,Denver Nuggets,126
Thu, Dec 18, 2025,Golden State Warriors,98,Phoenix Suns,99
Thu, Dec 18, 2025,Los Angeles Lakers,143,Utah Jazz,135
Thu, Dec 18, 2025,Sacramento Kings,133,Portland Trail Blazers,134
Fri, Dec 19, 2025,Miami Heat,116,Boston Celtics,129
Fri, Dec 19, 2025,Philadelphia 76ers,116,New York Knicks,107
Fri, Dec 19, 2025,San Antonio Spurs,126,Atlanta Hawks,98
Fri, Dec 19, 2025,Chicago Bulls,136,Cleveland Cavaliers,125
Fri, Dec 19, 2025,Oklahoma City Thunder,107,Minnesota Timberwolves,112
Sat, Dec 20, 2025,Houston Rockets,115,Denver Nuggets,101
Sat, Dec 20, 2025,Indiana Pacers,109,New Orleans Pelicans,128
Sat, Dec 20, 2025,Dallas Mavericks,114,Philadelphia 76ers,121
Sat, Dec 20, 2025,Boston Celtics,112,Toronto Raptors,96
Sat, Dec 20, 2025,Charlotte Hornets,86,Detroit Pistons,112
Sat, Dec 20, 2025,Washington Wizards,130,Memphis Grizzlies,122
Sat, Dec 20, 2025,Phoenix Suns,116,Golden State Warriors,119
Sat, Dec 20, 2025,Orlando Magic,128,Utah Jazz,127
Sat, Dec 20, 2025,Portland Trail Blazers,98,Sacramento Kings,93
Sat, Dec 20, 2025,Los Angeles Lakers,88,Los Angeles Clippers,103
Sun, Dec 21, 2025,Chicago Bulls,152,Atlanta Hawks,150
Sun, Dec 21, 2025,Toronto Raptors,81,Brooklyn Nets,96
Sun, Dec 21, 2025,Miami Heat,125,New York Knicks,132
Sun, Dec 21, 2025,Milwaukee Bucks,100,Minnesota Timberwolves,103
Sun, Dec 21, 2025,San Antonio Spurs,124,Washington Wizards,113
Sun, Dec 21, 2025,Houston Rockets,124,Sacramento Kings,125
Mon, Dec 22, 2025,Charlotte Hornets,132,Cleveland Cavaliers,139
Mon, Dec 22, 2025,Indiana Pacers,95,Boston Celtics,103
Mon, Dec 22, 2025,Dallas Mavericks,113,New Orleans Pelicans,119
Mon, Dec 22, 2025,Utah Jazz,112,Denver Nuggets,135
Mon, Dec 22, 2025,Memphis Grizzlies,103,Oklahoma City Thunder,119
Mon, Dec 22, 2025,Orlando Magic,97,Golden State Warriors,120
Mon, Dec 22, 2025,Detroit Pistons,110,Portland Trail Blazers,102
Tue, Dec 23, 2025,Washington Wizards,109,Charlotte Hornets,126
Tue, Dec 23, 2025,Brooklyn Nets,114,Philadelphia 76ers,106
Tue, Dec 23, 2025,Chicago Bulls,126,Atlanta Hawks,123
Tue, Dec 23, 2025,New Orleans Pelicans,118,Cleveland Cavaliers,141
Tue, Dec 23, 2025,Milwaukee Bucks,111,Indiana Pacers,94
Tue, Dec 23, 2025,Toronto Raptors,112,Miami Heat,91
Tue, Dec 23, 2025,Denver Nuggets,130,Dallas Mavericks,131
Tue, Dec 23, 2025,New York Knicks,104,Minnesota Timberwolves,115
Tue, Dec 23, 2025,Oklahoma City Thunder,110,San Antonio Spurs,130
Tue, Dec 23, 2025,Los Angeles Lakers,108,Phoenix Suns,132
Tue, Dec 23, 2025,Memphis Grizzlies,137,Utah Jazz,128
Tue, Dec 23, 2025,Orlando Magic,110,Portland Trail Blazers,106
Tue, Dec 23, 2025,Detroit Pistons,136,Sacramento Kings,127
Tue, Dec 23, 2025,Houston Rockets,108,Los Angeles Clippers,128
Thu, Dec 25, 2025,Cleveland Cavaliers,124,New York Knicks,126
Thu, Dec 25, 2025,San Antonio Spurs,117,Oklahoma City Thunder,102
Thu, Dec 25, 2025,Dallas Mavericks,116,Golden State Warriors,126
Thu, Dec 25, 2025,Houston Rockets,119,Los Angeles Lakers,96
Thu, Dec 25, 2025,Minnesota Timberwolves,138,Denver Nuggets,142
Fri, Dec 26, 2025,Miami Heat,126,Atlanta Hawks,111
Fri, Dec 26, 2025,Boston Celtics,140,Indiana Pacers,122
Fri, Dec 26, 2025,Charlotte Hornets,120,Orlando Magic,105
Fri, Dec 26, 2025,Toronto Raptors,117,Washington Wizards,138
Fri, Dec 26, 2025,Philadelphia 76ers,102,Chicago Bulls,109
Fri, Dec 26, 2025,Milwaukee Bucks,104,Memphis Grizzlies,125
Fri, Dec 26, 2025,Phoenix Suns,115,New Orleans Pelicans,108
Fri, Dec 26, 2025,Detroit Pistons,129,Utah Jazz,131
Fri, Dec 26, 2025,Los Angeles Clippers,119,Portland Trail Blazers,103
Sat, Dec 27, 2025,Dallas Mavericks,107,Sacramento Kings,113
Sat, Dec 27, 2025,Phoenix Suns,123,New Orleans Pelicans,114
Sat, Dec 27, 2025,Denver Nuggets,126,Orlando Magic,127
Sat, Dec 27, 2025,New York Knicks,128,Atlanta Hawks,125
Sat, Dec 27, 2025,Milwaukee Bucks,112,Chicago Bulls,103
Sat, Dec 27, 2025,Cleveland Cavaliers,100,Houston Rockets,117
Sat, Dec 27, 2025,Indiana Pacers,116,Miami Heat,142
Sat, Dec 27, 2025,Brooklyn Nets,123,Minnesota Timberwolves,107
Sat, Dec 27, 2025,Utah Jazz,127,San Antonio Spurs,114
Sun, Dec 28, 2025,Philadelphia 76ers,104,Oklahoma City Thunder,129
Sun, Dec 28, 2025,Golden State Warriors,127,Toronto Raptors,141
Sun, Dec 28, 2025,Boston Celtics,108,Portland Trail Blazers,114
Sun, Dec 28, 2025,Memphis Grizzlies,112,Washington Wizards,116
Sun, Dec 28, 2025,Detroit Pistons,99,Los Angeles Clippers,112
Sun, Dec 28, 2025,Sacramento Kings,101,Los Angeles Lakers,125
Mon, Dec 29, 2025,Milwaukee Bucks,123,Charlotte Hornets,113
Mon, Dec 29, 2025,Phoenix Suns,115,Washington Wizards,101
Mon, Dec 29, 2025,Golden State Warriors,120,Brooklyn Nets,107
Mon, Dec 29, 2025,Denver Nuggets,123,Miami Heat,147
Mon, Dec 29, 2025,Orlando Magic,106,Toronto Raptors,107
Mon, Dec 29, 2025,Minnesota Timberwolves,136,Chicago Bulls,101
Mon, Dec 29, 2025,Indiana Pacers,119,Houston Rockets,126
Mon, Dec 29, 2025,New York Knicks,130,New Orleans Pelicans,125
Mon, Dec 29, 2025,Atlanta Hawks,129,Oklahoma City Thunder,140
Mon, Dec 29, 2025,Cleveland Cavaliers,113,San Antonio Spurs,101
Mon, Dec 29, 2025,Dallas Mavericks,122,Portland Trail Blazers,125
Tue, Dec 30, 2025,Philadelphia 76ers,139,Memphis Grizzlies,136
Tue, Dec 30, 2025,Boston Celtics,129,Utah Jazz,119
Tue, Dec 30, 2025,Detroit Pistons,128,Los Angeles Lakers,106
Tue, Dec 30, 2025,Sacramento Kings,90,Los Angeles Clippers,131
Wed, Dec 31, 2025,Golden State Warriors,132,Charlotte Hornets,125
Wed, Dec 31, 2025,Minnesota Timberwolves,102,Atlanta Hawks,126
Wed, Dec 31, 2025,Orlando Magic,112,Indiana Pacers,110
Wed, Dec 31, 2025,Phoenix Suns,113,Cleveland Cavaliers,129
Wed, Dec 31, 2025,New Orleans Pelicans,118,Chicago Bulls,134
Wed, Dec 31, 2025,New York Knicks,132,San Antonio Spurs,134
Wed, Dec 31, 2025,Denver Nuggets,106,Toronto Raptors,103
Wed, Dec 31, 2025,Washington Wizards,114,Milwaukee Bucks,113
Wed, Dec 31, 2025,Portland Trail Blazers,95,Oklahoma City Thunder,124
Thu, Jan 1, 2026,Houston Rockets,120,Brooklyn Nets,96
Thu, Jan 1, 2026,Miami Heat,118,Detroit Pistons,112
Thu, Jan 1, 2026,Philadelphia 76ers,123,Dallas Mavericks,108
Thu, Jan 1, 2026,Boston Celtics,120,Sacramento Kings,106
Thu, Jan 1, 2026,Utah Jazz,101,Los Angeles Clippers,118
Fri, Jan 2, 2026,San Antonio Spurs,123,Indiana Pacers,113
Fri, Jan 2, 2026,Brooklyn Nets,99,Washington Wizards,119
Fri, Jan 2, 2026,Denver Nuggets,108,Cleveland Cavaliers,113
Fri, Jan 2, 2026,Atlanta Hawks,111,New York Knicks,99
Fri, Jan 2, 2026,Orlando Magic,114,Chicago Bulls,121
Fri, Jan 2, 2026,Charlotte Hornets,121,Milwaukee Bucks,122
Fri, Jan 2, 2026,Portland Trail Blazers,122,New Orleans Pelicans,109
Fri, Jan 2, 2026,Sacramento Kings,102,Phoenix Suns,129
Fri, Jan 2, 2026,Oklahoma City Thunder,131,Golden State Warriors,94
Fri, Jan 2, 2026,Memphis Grizzlies,121,Los Angeles Lakers,128
Sat, Jan 3, 2026,Minnesota Timberwolves,125,Miami Heat,115
Sat, Jan 3, 2026,Philadelphia 76ers,130,New York Knicks,119
Sat, Jan 3, 2026,Atlanta Hawks,117,Toronto Raptors,134
Sat, Jan 3, 2026,Charlotte Hornets,112,Chicago Bulls,99
Sat, Jan 3, 2026,Portland Trail Blazers,115,San Antonio Spurs,110
Sat, Jan 3, 2026,Houston Rockets,104,Dallas Mavericks,110
Sat, Jan 3, 2026,Utah Jazz,114,Golden State Warriors,123
Sat, Jan 3, 2026,Boston Celtics,146,Los Angeles Clippers,115
Sun, Jan 4, 2026,Detroit Pistons,114,Cleveland Cavaliers,110
Sun, Jan 4, 2026,Indiana Pacers,127,Orlando Magic,135
Sun, Jan 4, 2026,Denver Nuggets,115,Brooklyn Nets,127
Sun, Jan 4, 2026,New Orleans Pelicans,106,Miami Heat,125
Sun, Jan 4, 2026,Minnesota Timberwolves,141,Washington Wizards,115
Sun, Jan 4, 2026,Oklahoma City Thunder,105,Phoenix Suns,108
Sun, Jan 4, 2026,Milwaukee Bucks,115,Sacramento Kings,98
Sun, Jan 4, 2026,Memphis Grizzlies,114,Los Angeles Lakers,120
Mon, Jan 5, 2026,New York Knicks,90,Detroit Pistons,121
Mon, Jan 5, 2026,Chicago Bulls,101,Boston Celtics,115
Mon, Jan 5, 2026,Atlanta Hawks,100,Toronto Raptors,118
Mon, Jan 5, 2026,Phoenix Suns,97,Houston Rockets,100
Mon, Jan 5, 2026,Charlotte Hornets,124,Oklahoma City Thunder,97
Mon, Jan 5, 2026,Denver Nuggets,125,Philadelphia 76ers,124
Mon, Jan 5, 2026,Golden State Warriors,102,Los Angeles Clippers,103
Mon, Jan 5, 2026,Utah Jazz,117,Portland Trail Blazers,137
Tue, Jan 6, 2026,Cleveland Cavaliers,120,Indiana Pacers,116
Tue, Jan 6, 2026,Orlando Magic,112,Washington Wizards,120
Tue, Jan 6, 2026,San Antonio Spurs,105,Memphis Grizzlies,106
Tue, Jan 6, 2026,Miami Heat,94,Minnesota Timberwolves,122
Tue, Jan 6, 2026,Los Angeles Lakers,111,New Orleans Pelicans,103
Tue, Jan 6, 2026,Dallas Mavericks,100,Sacramento Kings,98
Wed, Jan 7, 2026,Denver Nuggets,114,Boston Celtics,110
Wed, Jan 7, 2026,Toronto Raptors,97,Charlotte Hornets,96
Wed, Jan 7, 2026,Chicago Bulls,93,Detroit Pistons,108
Wed, Jan 7, 2026,Washington Wizards,110,Philadelphia 76ers,131
Wed, Jan 7, 2026,New Orleans Pelicans,100,Atlanta Hawks,117
Wed, Jan 7, 2026,Orlando Magic,104,Brooklyn Nets,103
Wed, Jan 7, 2026,Los Angeles Clippers,111,New York Knicks,123
Wed, Jan 7, 2026,Phoenix Suns,117,Memphis Grizzlies,98
Wed, Jan 7, 2026,Utah Jazz,125,Oklahoma City Thunder,129
Wed, Jan 7, 2026,Los Angeles Lakers,91,San Antonio Spurs,107
Wed, Jan 7, 2026,Milwaukee Bucks,113,Golden State Warriors,120
Wed, Jan 7, 2026,Houston Rockets,102,Portland Trail Blazers,103
Thu, Jan 8, 2026,Indiana Pacers,114,Charlotte Hornets,112
Thu, Jan 8, 2026,Cleveland Cavaliers,122,Minnesota Timberwolves,131
Thu, Jan 8, 2026,Dallas Mavericks,114,Utah Jazz,116
Fri, Jan 9, 2026,Toronto Raptors,117,Boston Celtics,125
Fri, Jan 9, 2026,Philadelphia 76ers,103,Orlando Magic,91
Fri, Jan 9, 2026,New Orleans Pelicans,128,Washington Wizards,107
Fri, Jan 9, 2026,Los Angeles Clippers,121,Brooklyn Nets,105
Fri, Jan 9, 2026,Oklahoma City Thunder,117,Memphis Grizzlies,116
Fri, Jan 9, 2026,Atlanta Hawks,110,Denver Nuggets,87
Fri, Jan 9, 2026,New York Knicks,107,Phoenix Suns,112
Fri, Jan 9, 2026,Sacramento Kings,103,Golden State Warriors,137
Fri, Jan 9, 2026,Houston Rockets,105,Portland Trail Blazers,111
Fri, Jan 9, 2026,Milwaukee Bucks,105,Los Angeles Lakers,101
Sat, Jan 10, 2026,Minnesota Timberwolves,134,Cleveland Cavaliers,146
Sat, Jan 10, 2026,Miami Heat,99,Indiana Pacers,123
Sat, Jan 10, 2026,Los Angeles Clippers,98,Detroit Pistons,92
Sat, Jan 10, 2026,San Antonio Spurs,100,Boston Celtics,95
Sat, Jan 10, 2026,Dallas Mavericks,107,Chicago Bulls,125
Sat, Jan 10, 2026,Charlotte Hornets,150,Utah Jazz,95
Sun, Jan 11, 2026,New Orleans Pelicans,118,Orlando Magic,128
Sun, Jan 11, 2026,Brooklyn Nets,98,Memphis Grizzlies,103
Sun, Jan 11, 2026,New York Knicks,123,Portland Trail Blazers,114
Sun, Jan 11, 2026,Philadelphia 76ers,115,Toronto Raptors,116
Sun, Jan 11, 2026,San Antonio Spurs,103,Minnesota Timberwolves,104
Sun, Jan 11, 2026,Miami Heat,112,Oklahoma City Thunder,124
Sun, Jan 11, 2026,Milwaukee Bucks,104,Denver Nuggets,108
Sun, Jan 11, 2026,Washington Wizards,93,Phoenix Suns,112
Sun, Jan 11, 2026,Atlanta Hawks,124,Golden State Warriors,111
Sun, Jan 11, 2026,Houston Rockets,98,Sacramento Kings,111
Mon, Jan 12, 2026,Utah Jazz,123,Cleveland Cavaliers,112
Mon, Jan 12, 2026,Boston Celtics,96,Indiana Pacers,98
Mon, Jan 12, 2026,Philadelphia 76ers,115,Toronto Raptors,102
Mon, Jan 12, 2026,Brooklyn Nets,105,Dallas Mavericks,113
Mon, Jan 12, 2026,Los Angeles Lakers,112,Sacramento Kings,124
Mon, Jan 12, 2026,Charlotte Hornets,109,Los Angeles Clippers,117
Tue, Jan 13, 2026,Phoenix Suns,121,Miami Heat,127
Tue, Jan 13, 2026,Chicago Bulls,113,Houston Rockets,119
Tue, Jan 13, 2026,Minnesota Timberwolves,139,Milwaukee Bucks,106
Tue, Jan 13, 2026,Denver Nuggets,122,New Orleans Pelicans,116
Tue, Jan 13, 2026,San Antonio Spurs,98,Oklahoma City Thunder,119
Tue, Jan 13, 2026,Atlanta Hawks,116,Los Angeles Lakers,141
Tue, Jan 13, 2026,Portland Trail Blazers,97,Golden State Warriors,119
Wed, Jan 14, 2026,Toronto Raptors,115,Indiana Pacers,101
Wed, Jan 14, 2026,Cleveland Cavaliers,133,Philadelphia 76ers,107
Wed, Jan 14, 2026,Utah Jazz,126,Chicago Bulls,128
Wed, Jan 14, 2026,Brooklyn Nets,113,New Orleans Pelicans,116
Wed, Jan 14, 2026,Denver Nuggets,118,Dallas Mavericks,109
Wed, Jan 14, 2026,New York Knicks,101,Sacramento Kings,112
Wed, Jan 14, 2026,Washington Wizards,105,Los Angeles Clippers,119
Thu, Jan 15, 2026,Memphis Grizzlies,111,Orlando Magic,118
Thu, Jan 15, 2026,Phoenix Suns,105,Detroit Pistons,108
Thu, Jan 15, 2026,Oklahoma City Thunder,111,Houston Rockets,91
Thu, Jan 15, 2026,Boston Celtics,119,Miami Heat,114
Thu, Jan 15, 2026,Milwaukee Bucks,101,San Antonio Spurs,119
Thu, Jan 15, 2026,Utah Jazz,122,Dallas Mavericks,144
Thu, Jan 15, 2026,New York Knicks,113,Golden State Warriors,126
Thu, Jan 15, 2026,Atlanta Hawks,101,Portland Trail Blazers,117
Thu, Jan 15, 2026,Charlotte Hornets,135,Los Angeles Lakers,117
Fri, Jan 16, 2026,New Orleans Pelicans,119,Indiana Pacers,127
Fri, Jan 16, 2026,Cleveland Cavaliers,117,Philadelphia 76ers,115
Fri, Jan 16, 2026,Chicago Bulls,109,Brooklyn Nets,112
Fri, Jan 16, 2026,Los Angeles Clippers,121,Toronto Raptors,117
Fri, Jan 16, 2026,Minnesota Timberwolves,105,Houston Rockets,110
Fri, Jan 16, 2026,Washington Wizards,115,Sacramento Kings,128
Sat, Jan 17, 2026,Utah Jazz,120,Dallas Mavericks,138
Sat, Jan 17, 2026,Boston Celtics,132,Atlanta Hawks,106
Sat, Jan 17, 2026,Indiana Pacers,78,Detroit Pistons,121
Sat, Jan 17, 2026,Phoenix Suns,106,New York Knicks,99
Sat, Jan 17, 2026,Oklahoma City Thunder,120,Miami Heat,122
Sat, Jan 17, 2026,Minnesota Timberwolves,123,San Antonio Spurs,126
Sat, Jan 17, 2026,Charlotte Hornets,116,Golden State Warriors,136
Sat, Jan 17, 2026,Washington Wizards,115,Denver Nuggets,121
Sat, Jan 17, 2026,Los Angeles Lakers,116,Portland Trail Blazers,132
Sun, Jan 18, 2026,Orlando Magic,109,Memphis Grizzlies,126
Sun, Jan 18, 2026,Brooklyn Nets,102,Chicago Bulls,124
Sun, Jan 18, 2026,New Orleans Pelicans,110,Houston Rockets,119
Sun, Jan 18, 2026,Charlotte Hornets,110,Denver Nuggets,87
Sun, Jan 18, 2026,Portland Trail Blazers,117,Sacramento Kings,110
Sun, Jan 18, 2026,Toronto Raptors,93,Los Angeles Lakers,110
Mon, Jan 19, 2026,Milwaukee Bucks,112,Atlanta Hawks,110
Mon, Jan 19, 2026,Oklahoma City Thunder,136,Cleveland Cavaliers,104
Mon, Jan 19, 2026,Los Angeles Clippers,110,Washington Wizards,106
Mon, Jan 19, 2026,Dallas Mavericks,114,New York Knicks,97
Mon, Jan 19, 2026,Utah Jazz,110,San Antonio Spurs,123
Mon, Jan 19, 2026,Indiana Pacers,104,Philadelphia 76ers,113
Mon, Jan 19, 2026,Phoenix Suns,126,Brooklyn Nets,117
Mon, Jan 19, 2026,Boston Celtics,103,Detroit Pistons,104
Mon, Jan 19, 2026,Miami Heat,112,Golden State Warriors,135
Tue, Jan 20, 2026,Phoenix Suns,116,Philadelphia 76ers,110
Tue, Jan 20, 2026,Los Angeles Clippers,110,Chicago Bulls,138
Tue, Jan 20, 2026,San Antonio Spurs,106,Houston Rockets,111
Tue, Jan 20, 2026,Minnesota Timberwolves,122,Utah Jazz,127
Tue, Jan 20, 2026,Los Angeles Lakers,115,Denver Nuggets,107
Tue, Jan 20, 2026,Toronto Raptors,145,Golden State Warriors,127
Tue, Jan 20, 2026,Miami Heat,130,Sacramento Kings,117
Wed, Jan 21, 2026,Cleveland Cavaliers,94,Charlotte Hornets,87
Wed, Jan 21, 2026,Indiana Pacers,104,Boston Celtics,119
Wed, Jan 21, 2026,Brooklyn Nets,66,New York Knicks,120
Wed, Jan 21, 2026,Atlanta Hawks,124,Memphis Grizzlies,122
Wed, Jan 21, 2026,Detroit Pistons,112,New Orleans Pelicans,104
Wed, Jan 21, 2026,Oklahoma City Thunder,122,Milwaukee Bucks,102
Wed, Jan 21, 2026,Toronto Raptors,122,Sacramento Kings,109
Thu, Jan 22, 2026,Charlotte Hornets,124,Orlando Magic,97
Thu, Jan 22, 2026,Houston Rockets,122,Philadelphia 76ers,128
Thu, Jan 22, 2026,Denver Nuggets,107,Washington Wizards,97
Thu, Jan 22, 2026,Golden State Warriors,115,Dallas Mavericks,123
Thu, Jan 22, 2026,Chicago Bulls,120,Minnesota Timberwolves,115
Thu, Jan 22, 2026,San Antonio Spurs,126,Utah Jazz,109
Thu, Jan 22, 2026,Los Angeles Lakers,104,Los Angeles Clippers,112
Thu, Jan 22, 2026,Miami Heat,110,Portland Trail Blazers,127
Fri, Jan 23, 2026,Houston Rockets,111,Detroit Pistons,104
Fri, Jan 23, 2026,Phoenix Suns,103,Atlanta Hawks,110
Fri, Jan 23, 2026,Boston Celtics,130,Brooklyn Nets,126
Fri, Jan 23, 2026,Sacramento Kings,118,Cleveland Cavaliers,123
Fri, Jan 23, 2026,New Orleans Pelicans,133,Memphis Grizzlies,127
Fri, Jan 23, 2026,Indiana Pacers,117,Oklahoma City Thunder,114
Fri, Jan 23, 2026,Denver Nuggets,102,Milwaukee Bucks,100
Fri, Jan 23, 2026,Toronto Raptors,110,Portland Trail Blazers,98
Sat, Jan 24, 2026,Washington Wizards,115,Charlotte Hornets,119
Sat, Jan 24, 2026,New York Knicks,112,Philadelphia 76ers,109
Sat, Jan 24, 2026,Cleveland Cavaliers,119,Orlando Magic,105
Sat, Jan 24, 2026,Boston Celtics,111,Chicago Bulls,114
Sat, Jan 24, 2026,Los Angeles Lakers,116,Dallas Mavericks,110
Sat, Jan 24, 2026,Miami Heat,147,Utah Jazz,116
Sun, Jan 25, 2026,Sacramento Kings,116,Detroit Pistons,139
Sun, Jan 25, 2026,Golden State Warriors,111,Minnesota Timberwolves,85
Sun, Jan 25, 2026,Toronto Raptors,103,Oklahoma City Thunder,101
Sun, Jan 25, 2026,New Orleans Pelicans,104,San Antonio Spurs,95
Sun, Jan 25, 2026,Miami Heat,111,Phoenix Suns,102
Sun, Jan 25, 2026,Brooklyn Nets,89,Los Angeles Clippers,126
Mon, Jan 26, 2026,Indiana Pacers,116,Atlanta Hawks,132
Mon, Jan 26, 2026,Philadelphia 76ers,93,Charlotte Hornets,130
Mon, Jan 26, 2026,Orlando Magic,98,Cleveland Cavaliers,114
Mon, Jan 26, 2026,Portland Trail Blazers,94,Boston Celtics,102
Mon, Jan 26, 2026,Los Angeles Lakers,129,Chicago Bulls,118
Mon, Jan 26, 2026,Memphis Grizzlies,99,Houston Rockets,108
Mon, Jan 26, 2026,Golden State Warriors,83,Minnesota Timberwolves,108
Tue, Jan 27, 2026,Portland Trail Blazers,111,Washington Wizards,115
Tue, Jan 27, 2026,Sacramento Kings,87,New York Knicks,103
Tue, Jan 27, 2026,New Orleans Pelicans,95,Oklahoma City Thunder,104
Tue, Jan 27, 2026,Milwaukee Bucks,122,Philadelphia 76ers,139
Tue, Jan 27, 2026,Detroit Pistons,109,Denver Nuggets,107
Tue, Jan 27, 2026,Brooklyn Nets,102,Phoenix Suns,106
Tue, Jan 27, 2026,Los Angeles Clippers,115,Utah Jazz,103
Wed, Jan 28, 2026,Los Angeles Lakers,99,Cleveland Cavaliers,129
Wed, Jan 28, 2026,Chicago Bulls,110,Indiana Pacers,113
Wed, Jan 28, 2026,Atlanta Hawks,117,Boston Celtics,106
Wed, Jan 28, 2026,Orlando Magic,133,Miami Heat,124
Wed, Jan 28, 2026,New York Knicks,119,Toronto Raptors,92
Wed, Jan 28, 2026,Charlotte Hornets,112,Memphis Grizzlies,97
Wed, Jan 28, 2026,Minnesota Timberwolves,118,Dallas Mavericks,105
Wed, Jan 28, 2026,Golden State Warriors,140,Utah Jazz,124
Wed, Jan 28, 2026,San Antonio Spurs,111,Houston Rockets,99
Thu, Jan 29, 2026,Sacramento Kings,111,Philadelphia 76ers,113
Thu, Jan 29, 2026,Milwaukee Bucks,99,Washington Wizards,109
Thu, Jan 29, 2026,Houston Rockets,104,Atlanta Hawks,86
Thu, Jan 29, 2026,Miami Heat,116,Chicago Bulls,113
Thu, Jan 29, 2026,Charlotte Hornets,123,Dallas Mavericks,121
Thu, Jan 29, 2026,Brooklyn Nets,103,Denver Nuggets,107
Thu, Jan 29, 2026,Detroit Pistons,96,Phoenix Suns,114
Thu, Jan 29, 2026,Oklahoma City Thunder,111,Minnesota Timberwolves,123
Fri, Jan 30, 2026,Los Angeles Lakers,142,Washington Wizards,111
Fri, Jan 30, 2026,Sacramento Kings,93,Boston Celtics,112
Fri, Jan 30, 2026,Memphis Grizzlies,106,New Orleans Pelicans,114
Fri, Jan 30, 2026,Portland Trail Blazers,97,New York Knicks,127
Fri, Jan 30, 2026,Toronto Raptors,120,Orlando Magic,130
Fri, Jan 30, 2026,Los Angeles Clippers,109,Denver Nuggets,122
Fri, Jan 30, 2026,Cleveland Cavaliers,113,Phoenix Suns,126
Fri, Jan 30, 2026,Brooklyn Nets,109,Utah Jazz,99
Fri, Jan 30, 2026,Detroit Pistons,131,Golden State Warriors,124
Sat, Jan 31, 2026,San Antonio Spurs,106,Charlotte Hornets,111
Sat, Jan 31, 2026,Atlanta Hawks,124,Indiana Pacers,129
Sat, Jan 31, 2026,New Orleans Pelicans,114,Philadelphia 76ers,124
Sat, Jan 31, 2026,Minnesota Timberwolves,131,Memphis Grizzlies,114
Sat, Jan 31, 2026,Chicago Bulls,125,Miami Heat,118
Sat, Jan 31, 2026,Dallas Mavericks,107,Houston Rockets,111
Sun, Feb 1, 2026,Milwaukee Bucks,79,Boston Celtics,107
Sun, Feb 1, 2026,Brooklyn Nets,77,Detroit Pistons,130
Sun, Feb 1, 2026,Chicago Bulls,91,Miami Heat,134
Sun, Feb 1, 2026,Utah Jazz,100,Toronto Raptors,107
Sun, Feb 1, 2026,Sacramento Kings,112,Washington Wizards,116
Sun, Feb 1, 2026,Los Angeles Lakers,100,New York Knicks,112
Sun, Feb 1, 2026,Los Angeles Clippers,117,Phoenix Suns,93
Sun, Feb 1, 2026,Cleveland Cavaliers,130,Portland Trail Blazers,111
Sun, Feb 1, 2026,Orlando Magic,103,San Antonio Spurs,112
Sun, Feb 1, 2026,Oklahoma City Thunder,121,Denver Nuggets,111
Mon, Feb 2, 2026,New Orleans Pelicans,95,Charlotte Hornets,102
Mon, Feb 2, 2026,Houston Rockets,118,Indiana Pacers,114
Mon, Feb 2, 2026,Minnesota Timberwolves,128,Memphis Grizzlies,137
Mon, Feb 2, 2026,Philadelphia 76ers,128,Los Angeles Clippers,113
Tue, Feb 3, 2026,Denver Nuggets,121,Detroit Pistons,124
Tue, Feb 3, 2026,Utah Jazz,131,Indiana Pacers,122
Tue, Feb 3, 2026,New York Knicks,132,Washington Wizards,101
Tue, Feb 3, 2026,Los Angeles Lakers,125,Brooklyn Nets,109
Tue, Feb 3, 2026,Atlanta Hawks,127,Miami Heat,115
Tue, Feb 3, 2026,Boston Celtics,110,Dallas Mavericks,100
Tue, Feb 3, 2026,Chicago Bulls,115,Milwaukee Bucks,131
Tue, Feb 3, 2026,Orlando Magic,92,Oklahoma City Thunder,128
Tue, Feb 3, 2026,Philadelphia 76ers,113,Golden State Warriors,94
Tue, Feb 3, 2026,Phoenix Suns,130,Portland Trail Blazers,125
Wed, Feb 4, 2026,Denver Nuggets,127,New York Knicks,134
Wed, Feb 4, 2026,Minnesota Timberwolves,128,Toronto Raptors,126
Wed, Feb 4, 2026,Boston Celtics,114,Houston Rockets,93
Wed, Feb 4, 2026,New Orleans Pelicans,137,Milwaukee Bucks,141
Wed, Feb 4, 2026,Oklahoma City Thunder,106,San Antonio Spurs,116
Wed, Feb 4, 2026,Memphis Grizzlies,129,Sacramento Kings,125
Wed, Feb 4, 2026,Cleveland Cavaliers,124,Los Angeles Clippers,91
Thu, Feb 5, 2026,Washington Wizards,126,Detroit Pistons,117
Thu, Feb 5, 2026,Brooklyn Nets,98,Orlando Magic,118
Thu, Feb 5, 2026,Utah Jazz,119,Atlanta Hawks,121
Thu, Feb 5, 2026,Chicago Bulls,107,Toronto Raptors,123
Thu, Feb 5, 2026,Charlotte Hornets,109,Houston Rockets,99
Thu, Feb 5, 2026,San Antonio Spurs,135,Dallas Mavericks,123
Thu, Feb 5, 2026,Philadelphia 76ers,115,Los Angeles Lakers,119
Thu, Feb 5, 2026,Golden State Warriors,101,Phoenix Suns,97
Fri, Feb 6, 2026,Miami Heat,96,Boston Celtics,98
Fri, Feb 6, 2026,New York Knicks,80,Detroit Pistons,118
Fri, Feb 6, 2026,Indiana Pacers,99,Milwaukee Bucks,105
Fri, Feb 6, 2026,New Orleans Pelicans,119,Minnesota Timberwolves,115
Fri, Feb 6, 2026,Memphis Grizzlies,115,Portland Trail Blazers,135
Fri, Feb 6, 2026,Los Angeles Clippers,114,Sacramento Kings,111
Sat, Feb 7, 2026,Washington Wizards,113,Brooklyn Nets,127
Sat, Feb 7, 2026,Houston Rockets,112,Oklahoma City Thunder,106
Sat, Feb 7, 2026,Dallas Mavericks,125,San Antonio Spurs,138
Sat, Feb 7, 2026,Utah Jazz,117,Orlando Magic,120
Sat, Feb 7, 2026,Charlotte Hornets,126,Atlanta Hawks,119
Sat, Feb 7, 2026,Denver Nuggets,136,Chicago Bulls,120
Sat, Feb 7, 2026,Golden State Warriors,99,Los Angeles Lakers,105
Sat, Feb 7, 2026,Philadelphia 76ers,109,Phoenix Suns,103
Sat, Feb 7, 2026,Memphis Grizzlies,115,Portland Trail Blazers,122
Sat, Feb 7, 2026,Cleveland Cavaliers,132,Sacramento Kings,126
Sun, Feb 8, 2026,New York Knicks,111,Boston Celtics,89
Sun, Feb 8, 2026,Miami Heat,132,Washington Wizards,101
Sun, Feb 8, 2026,Los Angeles Clippers,115,Minnesota Timberwolves,96
Sun, Feb 8, 2026,Indiana Pacers,104,Toronto Raptors,122
Mon, Feb 9, 2026,Detroit Pistons,110,Charlotte Hornets,104
Mon, Feb 9, 2026,Chicago Bulls,115,Brooklyn Nets,123
Mon, Feb 9, 2026,Utah Jazz,115,Miami Heat,111
Mon, Feb 9, 2026,Milwaukee Bucks,99,Orlando Magic,118
Mon, Feb 9, 2026,Atlanta Hawks,116,Minnesota Timberwolves,138
Mon, Feb 9, 2026,Sacramento Kings,94,New Orleans Pelicans,120
Mon, Feb 9, 2026,Cleveland Cavaliers,119,Denver Nuggets,117
Mon, Feb 9, 2026,Memphis Grizzlies,113,Golden State Warriors,114
Mon, Feb 9, 2026,Oklahoma City Thunder,119,Los Angeles Lakers,110
Mon, Feb 9, 2026,Philadelphia 76ers,118,Portland Trail Blazers,135
Tue, Feb 10, 2026,Indiana Pacers,137,New York Knicks,134
Tue, Feb 10, 2026,Los Angeles Clippers,95,Houston Rockets,102
Tue, Feb 10, 2026,Dallas Mavericks,111,Phoenix Suns,120
Tue, Feb 10, 2026,San Antonio Spurs,136,Los Angeles Lakers,108
Wed, Feb 11, 2026,Atlanta Hawks,107,Charlotte Hornets,110
Wed, Feb 11, 2026,Washington Wizards,113,Cleveland Cavaliers,138
Wed, Feb 11, 2026,Milwaukee Bucks,116,Orlando Magic,108
Wed, Feb 11, 2026,Chicago Bulls,105,Boston Celtics,124
Wed, Feb 11, 2026,Indiana Pacers,115,Brooklyn Nets,110
Wed, Feb 11, 2026,New York Knicks,138,Philadelphia 76ers,89
Wed, Feb 11, 2026,Detroit Pistons,113,Toronto Raptors,95
Wed, Feb 11, 2026,Los Angeles Clippers,105,Houston Rockets,102
Wed, Feb 11, 2026,Portland Trail Blazers,109,Minnesota Timberwolves,133
Wed, Feb 11, 2026,Miami Heat,123,New Orleans Pelicans,111
Wed, Feb 11, 2026,Memphis Grizzlies,116,Denver Nuggets,122
Wed, Feb 11, 2026,Oklahoma City Thunder,136,Phoenix Suns,109
Wed, Feb 11, 2026,Sacramento Kings,93,Utah Jazz,121
Wed, Feb 11, 2026,San Antonio Spurs,126,Golden State Warriors,113
Thu, Feb 12, 2026,Milwaukee Bucks,110,Oklahoma City Thunder,93
Thu, Feb 12, 2026,Portland Trail Blazers,135,Utah Jazz,119
Thu, Feb 12, 2026,Dallas Mavericks,104,Los Angeles Lakers,124
Thu, Feb 19, 2026,Houston Rockets,105,Charlotte Hornets,101
Thu, Feb 19, 2026,Brooklyn Nets,84,Cleveland Cavaliers,112
Thu, Feb 19, 2026,Atlanta Hawks,117,Philadelphia 76ers,107
Thu, Feb 19, 2026,Indiana Pacers,105,Washington Wizards,112
Thu, Feb 19, 2026,Detroit Pistons,126,New York Knicks,111
Thu, Feb 19, 2026,Toronto Raptors,110,Chicago Bulls,101
Thu, Feb 19, 2026,Phoenix Suns,94,San Antonio Spurs,121
Thu, Feb 19, 2026,Boston Celtics,121,Golden State Warriors,110
Thu, Feb 19, 2026,Orlando Magic,131,Sacramento Kings,94
Thu, Feb 19, 2026,Denver Nuggets,114,Los Angeles Clippers,115
Fri, Feb 20, 2026,Cleveland Cavaliers,118,Charlotte Hornets,113
Fri, Feb 20, 2026,Utah Jazz,114,Memphis Grizzlies,123
Fri, Feb 20, 2026,Indiana Pacers,118,Washington Wizards,131
Fri, Feb 20, 2026,Miami Heat,128,Atlanta Hawks,97
Fri, Feb 20, 2026,Dallas Mavericks,111,Minnesota Timberwolves,122
Fri, Feb 20, 2026,Milwaukee Bucks,139,New Orleans Pelicans,118
Fri, Feb 20, 2026,Brooklyn Nets,86,Oklahoma City Thunder,105
Fri, Feb 20, 2026,Los Angeles Clippers,122,Los Angeles Lakers,125
Fri, Feb 20, 2026,Denver Nuggets,157,Portland Trail Blazers,103
Sat, Feb 21, 2026,Orlando Magic,110,Phoenix Suns,113
Sat, Feb 21, 2026,Philadelphia 76ers,111,New Orleans Pelicans,126
Sat, Feb 21, 2026,Detroit Pistons,126,Chicago Bulls,110
Sat, Feb 21, 2026,Memphis Grizzlies,120,Miami Heat,136
Sat, Feb 21, 2026,Sacramento Kings,122,San Antonio Spurs,139
Sat, Feb 21, 2026,Houston Rockets,106,New York Knicks,108
Sun, Feb 22, 2026,Cleveland Cavaliers,113,Oklahoma City Thunder,121
Sun, Feb 22, 2026,Brooklyn Nets,104,Atlanta Hawks,115
Sun, Feb 22, 2026,Denver Nuggets,117,Golden State Warriors,128
Sun, Feb 22, 2026,Toronto Raptors,122,Milwaukee Bucks,94
Sun, Feb 22, 2026,Dallas Mavericks,134,Indiana Pacers,130
Sun, Feb 22, 2026,Charlotte Hornets,129,Washington Wizards,112
Sun, Feb 22, 2026,Boston Celtics,111,Los Angeles Lakers,89
Sun, Feb 22, 2026,Philadelphia 76ers,135,Minnesota Timberwolves,108
Sun, Feb 22, 2026,New York Knicks,105,Chicago Bulls,99
Sun, Feb 22, 2026,Portland Trail Blazers,92,Phoenix Suns,77
Sun, Feb 22, 2026,Orlando Magic,111,Los Angeles Clippers,109
Mon, Feb 23, 2026,San Antonio Spurs,114,Detroit Pistons,103
Mon, Feb 23, 2026,Sacramento Kings,123,Memphis Grizzlies,114
Mon, Feb 23, 2026,Utah Jazz,105,Houston Rockets,125
Tue, Feb 24, 2026,Philadelphia 76ers,135,Indiana Pacers,114
Tue, Feb 24, 2026,Washington Wizards,98,Atlanta Hawks,119
Tue, Feb 24, 2026,Dallas Mavericks,123,Brooklyn Nets,114
Tue, Feb 24, 2026,New York Knicks,94,Cleveland Cavaliers,109
Tue, Feb 24, 2026,Oklahoma City Thunder,116,Toronto Raptors,107
Tue, Feb 24, 2026,Charlotte Hornets,131,Chicago Bulls,99
Tue, Feb 24, 2026,Miami Heat,117,Milwaukee Bucks,128
Tue, Feb 24, 2026,Golden State Warriors,109,New Orleans Pelicans,113
Tue, Feb 24, 2026,Boston Celtics,97,Phoenix Suns,81
Tue, Feb 24, 2026,Minnesota Timberwolves,124,Portland Trail Blazers,121
Tue, Feb 24, 2026,Orlando Magic,110,Los Angeles Lakers,109
Wed, Feb 25, 2026,Oklahoma City Thunder,116,Detroit Pistons,124
Wed, Feb 25, 2026,Golden State Warriors,133,Memphis Grizzlies,112
Wed, Feb 25, 2026,San Antonio Spurs,110,Toronto Raptors,107
Wed, Feb 25, 2026,Sacramento Kings,97,Houston Rockets,128
Wed, Feb 25, 2026,Cleveland Cavaliers,116,Milwaukee Bucks,118
Wed, Feb 25, 2026,Boston Celtics,84,Denver Nuggets,103
Thu, Feb 26, 2026,Charlotte Hornets,133,Indiana Pacers,109
Thu, Feb 26, 2026,Miami Heat,117,Philadelphia 76ers,124
Thu, Feb 26, 2026,Washington Wizards,96,Atlanta Hawks,126
Thu, Feb 26, 2026,San Antonio Spurs,126,Brooklyn Nets,110
Thu, Feb 26, 2026,Houston Rockets,113,Orlando Magic,108
Thu, Feb 26, 2026,Portland Trail Blazers,121,Chicago Bulls,112
Thu, Feb 26, 2026,Sacramento Kings,130,Dallas Mavericks,121
Thu, Feb 26, 2026,Los Angeles Lakers,110,Phoenix Suns,113
Thu, Feb 26, 2026,New Orleans Pelicans,129,Utah Jazz,118
Thu, Feb 26, 2026,Minnesota Timberwolves,94,Los Angeles Clippers,88
Fri, Feb 27, 2026,Cleveland Cavaliers,119,Detroit Pistons,122
Fri, Feb 27, 2026,Brooklyn Nets,111,Boston Celtics,148
Fri, Feb 27, 2026,New York Knicks,127,Milwaukee Bucks,98
Fri, Feb 27, 2026,Memphis Grizzlies,124,Dallas Mavericks,105
Fri, Feb 27, 2026,Denver Nuggets,121,Oklahoma City Thunder,127
Sat, Feb 28, 2026,Portland Trail Blazers,93,Charlotte Hornets,109
Sat, Feb 28, 2026,Houston Rockets,105,Miami Heat,115
Sat, Feb 28, 2026,Toronto Raptors,134,Washington Wizards,125
Sat, Feb 28, 2026,Los Angeles Lakers,129,Golden State Warriors,101
Sat, Feb 28, 2026,New Orleans Pelicans,115,Utah Jazz,105
Sun, Mar 1, 2026,San Antonio Spurs,89,New York Knicks,114
Sun, Mar 1, 2026,Cleveland Cavaliers,106,Brooklyn Nets,102
Sun, Mar 1, 2026,Milwaukee Bucks,97,Chicago Bulls,120
Sun, Mar 1, 2026,Minnesota Timberwolves,117,Denver Nuggets,108
Sun, Mar 1, 2026,Memphis Grizzlies,125,Indiana Pacers,106
Sun, Mar 1, 2026,Portland Trail Blazers,101,Atlanta Hawks,135
Sun, Mar 1, 2026,Detroit Pistons,106,Orlando Magic,92
Sun, Mar 1, 2026,Philadelphia 76ers,98,Boston Celtics,114
Sun, Mar 1, 2026,Oklahoma City Thunder,100,Dallas Mavericks,87
Sun, Mar 1, 2026,New Orleans Pelicans,117,Los Angeles Clippers,137
Sun, Mar 1, 2026,Sacramento Kings,104,Los Angeles Lakers,128
Mon, Mar 2, 2026,Houston Rockets,123,Washington Wizards,118
Mon, Mar 2, 2026,Boston Celtics,108,Milwaukee Bucks,81
Mon, Mar 2, 2026,Denver Nuggets,128,Utah Jazz,125
Mon, Mar 2, 2026,Los Angeles Clippers,114,Golden State Warriors,101
Tue, Mar 3, 2026,Dallas Mavericks,90,Charlotte Hornets,117
Tue, Mar 3, 2026,Detroit Pistons,109,Cleveland Cavaliers,113
Tue, Mar 3, 2026,Washington Wizards,109,Orlando Magic,126
Tue, Mar 3, 2026,Brooklyn Nets,98,Miami Heat,124
Tue, Mar 3, 2026,New York Knicks,111,Toronto Raptors,95
Tue, Mar 3, 2026,Oklahoma City Thunder,116,Chicago Bulls,108
Tue, Mar 3, 2026,Memphis Grizzlies,110,Minnesota Timberwolves,117
Tue, Mar 3, 2026,San Antonio Spurs,131,Philadelphia 76ers,91
Tue, Mar 3, 2026,New Orleans Pelicans,101,Los Angeles Lakers,110
Tue, Mar 3, 2026,Phoenix Suns,114,Sacramento Kings,103
Wed, Mar 4, 2026,Oklahoma City Thunder,103,New York Knicks,100
Wed, Mar 4, 2026,Charlotte Hornets,118,Boston Celtics,89
Wed, Mar 4, 2026,Utah Jazz,102,Philadelphia 76ers,106
Wed, Mar 4, 2026,Portland Trail Blazers,122,Memphis Grizzlies,114
Wed, Mar 4, 2026,Atlanta Hawks,131,Milwaukee Bucks,113
Wed, Mar 4, 2026,Indiana Pacers,107,Los Angeles Clippers,130
Thu, Mar 5, 2026,Dallas Mavericks,114,Orlando Magic,115
Thu, Mar 5, 2026,Utah Jazz,122,Washington Wizards,112
Thu, Mar 5, 2026,Golden State Warriors,115,Houston Rockets,113
Thu, Mar 5, 2026,Brooklyn Nets,110,Miami Heat,126
Thu, Mar 5, 2026,Toronto Raptors,107,Minnesota Timberwolves,115
Thu, Mar 5, 2026,Detroit Pistons,106,San Antonio Spurs,121
Thu, Mar 5, 2026,Chicago Bulls,105,Phoenix Suns,103
Thu, Mar 5, 2026,Los Angeles Lakers,113,Denver Nuggets,120
Thu, Mar 5, 2026,New Orleans Pelicans,133,Sacramento Kings,123
Fri, Mar 6, 2026,Dallas Mavericks,100,Boston Celtics,120
Fri, Mar 6, 2026,Miami Heat,128,Charlotte Hornets,120
Fri, Mar 6, 2026,Portland Trail Blazers,99,Houston Rockets,106
Fri, Mar 6, 2026,New York Knicks,142,Denver Nuggets,103
Fri, Mar 6, 2026,New Orleans Pelicans,116,Phoenix Suns,118
Fri, Mar 6, 2026,Los Angeles Clippers,112,San Antonio Spurs,116
Fri, Mar 6, 2026,Indiana Pacers,117,Los Angeles Lakers,128
Sat, Mar 7, 2026,Orlando Magic,119,Minnesota Timberwolves,92
Sat, Mar 7, 2026,Philadelphia 76ers,116,Atlanta Hawks,125
Sat, Mar 7, 2026,Brooklyn Nets,107,Detroit Pistons,105
Sat, Mar 7, 2026,Los Angeles Clippers,123,Memphis Grizzlies,120
Sat, Mar 7, 2026,Utah Jazz,99,Milwaukee Bucks,113
Sat, Mar 7, 2026,Golden State Warriors,97,Oklahoma City Thunder,104
Sun, Mar 8, 2026,Boston Celtics,109,Cleveland Cavaliers,98
Sun, Mar 8, 2026,New York Knicks,97,Los Angeles Lakers,110
Sun, Mar 8, 2026,Detroit Pistons,110,Miami Heat,121
Sun, Mar 8, 2026,Dallas Mavericks,92,Toronto Raptors,122
Sun, Mar 8, 2026,Washington Wizards,118,New Orleans Pelicans,138
Sun, Mar 8, 2026,Orlando Magic,130,Milwaukee Bucks,91
Sun, Mar 8, 2026,Houston Rockets,120,San Antonio Spurs,145
Sun, Mar 8, 2026,Indiana Pacers,111,Portland Trail Blazers,131
Sun, Mar 8, 2026,Chicago Bulls,110,Sacramento Kings,126
Sun, Mar 8, 2026,Charlotte Hornets,99,Phoenix Suns,111
Mon, Mar 9, 2026,Philadelphia 76ers,101,Cleveland Cavaliers,115
Mon, Mar 9, 2026,Memphis Grizzlies,115,Brooklyn Nets,126
Mon, Mar 9, 2026,Denver Nuggets,126,Oklahoma City Thunder,129
Mon, Mar 9, 2026,Golden State Warriors,116,Utah Jazz,119
Mon, Mar 9, 2026,New York Knicks,118,Los Angeles Clippers,126
Tue, Mar 10, 2026,Memphis Grizzlies,129,Philadelphia 76ers,139
Tue, Mar 10, 2026,Dallas Mavericks,112,Atlanta Hawks,124
Tue, Mar 10, 2026,Detroit Pistons,138,Brooklyn Nets,100
Tue, Mar 10, 2026,Washington Wizards,129,Miami Heat,150
Tue, Mar 10, 2026,Toronto Raptors,99,Houston Rockets,113
Tue, Mar 10, 2026,Phoenix Suns,129,Milwaukee Bucks,114
Tue, Mar 10, 2026,Boston Celtics,116,San Antonio Spurs,125
Tue, Mar 10, 2026,Chicago Bulls,130,Golden State Warriors,124
Tue, Mar 10, 2026,Charlotte Hornets,103,Portland Trail Blazers,101
Tue, Mar 10, 2026,Indiana Pacers,109,Sacramento Kings,114
Tue, Mar 10, 2026,Minnesota Timberwolves,106,Los Angeles Lakers,120
Wed, Mar 11, 2026,Cleveland Cavaliers,122,Orlando Magic,128
Wed, Mar 11, 2026,Toronto Raptors,111,New Orleans Pelicans,122
Wed, Mar 11, 2026,New York Knicks,134,Utah Jazz,117
Wed, Mar 11, 2026,Houston Rockets,93,Denver Nuggets,129
Wed, Mar 11, 2026,Charlotte Hornets,117,Sacramento Kings,109
Wed, Mar 11, 2026,Minnesota Timberwolves,128,Los Angeles Clippers,153
Thu, Mar 12, 2026,Philadelphia 76ers,109,Detroit Pistons,131
Thu, Mar 12, 2026,Phoenix Suns,123,Indiana Pacers,108
Thu, Mar 12, 2026,Washington Wizards,131,Orlando Magic,136
Thu, Mar 12, 2026,Brooklyn Nets,97,Atlanta Hawks,108
Thu, Mar 12, 2026,Milwaukee Bucks,105,Miami Heat,112
Thu, Mar 12, 2026,Dallas Mavericks,120,Memphis Grizzlies,112
Thu, Mar 12, 2026,Denver Nuggets,136,San Antonio Spurs,131
Thu, Mar 12, 2026,Boston Celtics,102,Oklahoma City Thunder,104
Thu, Mar 12, 2026,Chicago Bulls,130,Los Angeles Lakers,142
Fri, Mar 13, 2026,Cleveland Cavaliers,138,Dallas Mavericks,105
Fri, Mar 13, 2026,Memphis Grizzlies,110,Detroit Pistons,126
Fri, Mar 13, 2026,New York Knicks,101,Indiana Pacers,92
Fri, Mar 13, 2026,Phoenix Suns,115,Toronto Raptors,122
Fri, Mar 13, 2026,New Orleans Pelicans,105,Houston Rockets,107
Fri, Mar 13, 2026,Minnesota Timberwolves,127,Golden State Warriors,117
Fri, Mar 13, 2026,Utah Jazz,114,Portland Trail Blazers,124
Fri, Mar 13, 2026,Chicago Bulls,108,Los Angeles Clippers,119
Sat, Mar 14, 2026,Brooklyn Nets,97,Philadelphia 76ers,104
Sat, Mar 14, 2026,Milwaukee Bucks,99,Atlanta Hawks,122
Sat, Mar 14, 2026,Charlotte Hornets,102,San Antonio Spurs,115
Sat, Mar 14, 2026,Washington Wizards,100,Boston Celtics,111
Sat, Mar 14, 2026,Orlando Magic,121,Miami Heat,117
Sat, Mar 14, 2026,Denver Nuggets,125,Los Angeles Lakers,127
Sat, Mar 14, 2026,Sacramento Kings,118,Los Angeles Clippers,109
Sun, Mar 15, 2026,Minnesota Timberwolves,103,Oklahoma City Thunder,116
Sun, Mar 15, 2026,Dallas Mavericks,130,Cleveland Cavaliers,120
Sun, Mar 15, 2026,Indiana Pacers,123,Milwaukee Bucks,134
Sun, Mar 15, 2026,Detroit Pistons,108,Toronto Raptors,119
Sun, Mar 15, 2026,Portland Trail Blazers,103,Philadelphia 76ers,109
Sun, Mar 15, 2026,Golden State Warriors,107,New York Knicks,110
Sun, Mar 15, 2026,Utah Jazz,111,Sacramento Kings,116
Mon, Mar 16, 2026,Orlando Magic,112,Atlanta Hawks,124
Mon, Mar 16, 2026,Golden State Warriors,125,Washington Wizards,117
Mon, Mar 16, 2026,Phoenix Suns,112,Boston Celtics,120
Mon, Mar 16, 2026,Portland Trail Blazers,114,Brooklyn Nets,95
Mon, Mar 16, 2026,Memphis Grizzlies,107,Chicago Bulls,132
Mon, Mar 16, 2026,Dallas Mavericks,111,New Orleans Pelicans,129
Mon, Mar 16, 2026,Los Angeles Lakers,100,Houston Rockets,92
Mon, Mar 16, 2026,San Antonio Spurs,119,Los Angeles Clippers,115
Tue, Mar 17, 2026,Miami Heat,106,Charlotte Hornets,136
Tue, Mar 17, 2026,Oklahoma City Thunder,113,Orlando Magic,108
Tue, Mar 17, 2026,Detroit Pistons,130,Washington Wizards,117
Tue, Mar 17, 2026,Indiana Pacers,110,New York Knicks,136
Tue, Mar 17, 2026,Cleveland Cavaliers,123,Milwaukee Bucks,116
Tue, Mar 17, 2026,Phoenix Suns,104,Minnesota Timberwolves,116
Tue, Mar 17, 2026,Philadelphia 76ers,96,Denver Nuggets,124
Tue, Mar 17, 2026,San Antonio Spurs,132,Sacramento Kings,104
Wed, Mar 18, 2026,Golden State Warriors,99,Boston Celtics,120
Wed, Mar 18, 2026,Oklahoma City Thunder,121,Brooklyn Nets,92
Wed, Mar 18, 2026,Portland Trail Blazers,127,Indiana Pacers,119
Wed, Mar 18, 2026,Toronto Raptors,139,Chicago Bulls,109
Wed, Mar 18, 2026,Utah Jazz,111,Minnesota Timberwolves,147
Wed, Mar 18, 2026,Los Angeles Clippers,109,New Orleans Pelicans,124
Wed, Mar 18, 2026,Atlanta Hawks,135,Dallas Mavericks,120
Wed, Mar 18, 2026,Denver Nuggets,118,Memphis Grizzlies,125
Wed, Mar 18, 2026,Los Angeles Lakers,124,Houston Rockets,116
Thu, Mar 19, 2026,Orlando Magic,111,Charlotte Hornets,130
Thu, Mar 19, 2026,Detroit Pistons,117,Washington Wizards,95
Thu, Mar 19, 2026,Cleveland Cavaliers,115,Chicago Bulls,110
Thu, Mar 19, 2026,Los Angeles Lakers,134,Miami Heat,126
Thu, Mar 19, 2026,Los Angeles Clippers,99,New Orleans Pelicans,105
Thu, Mar 19, 2026,Phoenix Suns,100,San Antonio Spurs,101
Thu, Mar 19, 2026,Milwaukee Bucks,96,Utah Jazz,128
Thu, Mar 19, 2026,Philadelphia 76ers,139,Sacramento Kings,118
Fri, Mar 20, 2026,New York Knicks,93,Brooklyn Nets,92
Fri, Mar 20, 2026,Golden State Warriors,101,Detroit Pistons,115
Fri, Mar 20, 2026,Atlanta Hawks,95,Houston Rockets,117
Fri, Mar 20, 2026,Boston Celtics,117,Memphis Grizzlies,112
Fri, Mar 20, 2026,Portland Trail Blazers,108,Minnesota Timberwolves,104
Fri, Mar 20, 2026,Toronto Raptors,115,Denver Nuggets,121
Sat, Mar 21, 2026,Oklahoma City Thunder,132,Washington Wizards,111
Sat, Mar 21, 2026,Memphis Grizzlies,101,Charlotte Hornets,124
Sat, Mar 21, 2026,Cleveland Cavaliers,111,New Orleans Pelicans,106
Sat, Mar 21, 2026,Los Angeles Lakers,105,Orlando Magic,104
Sat, Mar 21, 2026,Golden State Warriors,110,Atlanta Hawks,126
Sat, Mar 21, 2026,Miami Heat,122,Houston Rockets,123
Sat, Mar 21, 2026,Indiana Pacers,119,San Antonio Spurs,134
Sat, Mar 21, 2026,Los Angeles Clippers,138,Dallas Mavericks,131
Sat, Mar 21, 2026,Philadelphia 76ers,126,Utah Jazz,116
Sat, Mar 21, 2026,Milwaukee Bucks,108,Phoenix Suns,105
Sun, Mar 22, 2026,Portland Trail Blazers,112,Denver Nuggets,128
Sun, Mar 22, 2026,Brooklyn Nets,122,Sacramento Kings,126
Sun, Mar 22, 2026,Washington Wizards,113,New York Knicks,145
Sun, Mar 22, 2026,Minnesota Timberwolves,102,Boston Celtics,92
Sun, Mar 22, 2026,Toronto Raptors,98,Phoenix Suns,120
Mon, Mar 23, 2026,Los Angeles Lakers,110,Detroit Pistons,113
Mon, Mar 23, 2026,San Antonio Spurs,136,Miami Heat,111
Mon, Mar 23, 2026,Indiana Pacers,128,Orlando Magic,126
Mon, Mar 23, 2026,Oklahoma City Thunder,123,Philadelphia 76ers,103
Mon, Mar 23, 2026,Memphis Grizzlies,107,Atlanta Hawks,146
Mon, Mar 23, 2026,Houston Rockets,124,Chicago Bulls,132
Mon, Mar 23, 2026,Toronto Raptors,143,Utah Jazz,127
Mon, Mar 23, 2026,Golden State Warriors,137,Dallas Mavericks,131
Mon, Mar 23, 2026,Brooklyn Nets,99,Portland Trail Blazers,134
Mon, Mar 23, 2026,Milwaukee Bucks,96,Los Angeles Clippers,129
Tue, Mar 24, 2026,Sacramento Kings,90,Charlotte Hornets,134
Tue, Mar 24, 2026,New Orleans Pelicans,116,New York Knicks,121
Tue, Mar 24, 2026,Orlando Magic,131,Cleveland Cavaliers,136
Tue, Mar 24, 2026,Denver Nuggets,125,Phoenix Suns,123
